"lag","correlation"
0,0.6852776846404
1,0.687073846594802
2,0.688058971838887
3,0.691736226785988
4,0.696894219695305
5,0.699769996910442
6,0.703316480786528
7,0.701308045875801
8,0.697541661762979
9,0.698097550256719
10,0.697823963286076
11,0.699041278933374
12,0.696870331045948
13,0.692941914781863
14,0.691198412965698
15,0.683899819611313
16,0.680911933088588
17,0.676622481827337
18,0.672614141856691
19,0.668165750824586
20,0.664814257414806
21,0.65532180486914
